{
    "name": "dmcas_lift",
    "revision": 0,
    "order": 0,
    "parameterMap": {
        "_DataRole_": {
            "parameter": "_DataRole_",
            "type": "char",
            "label": "Data Role",
            "length": 10,
            "order": 1,
            "values": [
                "_DataRole_"
            ],
            "preformatted": false
        },
        "_PartInd_": {
            "parameter": "_PartInd_",
            "type": "num",
            "label": "Partition Indicator",
            "length": 8,
            "order": 2,
            "values": [
                "_PartInd_"
            ],
            "preformatted": false
        },
        "_PartInd__f": {
            "parameter": "_PartInd__f",
            "type": "char",
            "label": "Formatted Partition",
            "length": 12,
            "order": 3,
            "values": [
                "_PartInd__f"
            ],
            "preformatted": false
        },
        "_Column_": {
            "parameter": "_Column_",
            "type": "char",
            "label": "Analysis Variable",
            "length": 32,
            "order": 4,
            "values": [
                "_Column_"
            ],
            "preformatted": false
        },
        "_Event_": {
            "parameter": "_Event_",
            "type": "char",
            "label": "Event",
            "length": 8,
            "order": 5,
            "values": [
                "_Event_"
            ],
            "preformatted": false
        },
        "_Depth_": {
            "parameter": "_Depth_",
            "type": "num",
            "label": "Depth",
            "length": 8,
            "order": 7,
            "values": [
                "_Depth_"
            ],
            "preformatted": false
        },
        "_NObs_": {
            "parameter": "_NObs_",
            "type": "num",
            "label": "Sum of Frequencies",
            "length": 8,
            "order": 8,
            "values": [
                "_NObs_"
            ],
            "preformatted": false
        },
        "_Gain_": {
            "parameter": "_Gain_",
            "type": "num",
            "label": "Gain",
            "length": 8,
            "order": 9,
            "values": [
                "_Gain_"
            ],
            "preformatted": false
        },
        "_Resp_": {
            "parameter": "_Resp_",
            "type": "num",
            "label": "% Captured Response",
            "length": 8,
            "order": 10,
            "values": [
                "_Resp_"
            ],
            "preformatted": false
        },
        "_CumResp_": {
            "parameter": "_CumResp_",
            "type": "num",
            "label": "Cumulative % Captured Response",
            "length": 8,
            "order": 11,
            "values": [
                "_CumResp_"
            ],
            "preformatted": false
        },
        "_PctResp_": {
            "parameter": "_PctResp_",
            "type": "num",
            "label": "% Response",
            "length": 8,
            "order": 12,
            "values": [
                "_PctResp_"
            ],
            "preformatted": false
        },
        "_CumPctResp_": {
            "parameter": "_CumPctResp_",
            "type": "num",
            "label": "Cumulative % Response",
            "length": 8,
            "order": 13,
            "values": [
                "_CumPctResp_"
            ],
            "preformatted": false
        },
        "_Lift_": {
            "parameter": "_Lift_",
            "type": "num",
            "label": "Lift",
            "length": 8,
            "order": 14,
            "values": [
                "_Lift_"
            ],
            "preformatted": false
        },
        "_CumLift_": {
            "parameter": "_CumLift_",
            "type": "num",
            "label": "Cumulative Lift",
            "length": 8,
            "order": 15,
            "values": [
                "_CumLift_"
            ],
            "preformatted": false
        }
    },
    "data": [
        {
            "dataMap": {
                "_DataRole_": "TRAIN",
                "_PartInd_": 1,
                "_PartInd__f": "           1",
                "_Column_": "BAD",
                "_Event_": "1",
                "_Depth_": 6.135737540696218,
                "_NObs_": 245,
                "_Gain_": 245,
                "_Resp_": 30.246913580246915,
                "_CumResp_": 30.246913580246915,
                "_PctResp_": 100.0,
                "_CumPctResp_": 100.0,
                "_Lift_": 4.92962962962963,
                "_CumLift_": 4.92962962962963
            },
            "rowNumber": 1
        },
        {
            "dataMap": {
                "_DataRole_": "TRAIN",
                "_PartInd_": 1,
                "_PartInd__f": "           1",
                "_Column_": "BAD",
                "_Event_": "1",
                "_Depth_": 19.734535437014774,
                "_NObs_": 543,
                "_Gain_": 542,
                "_Resp_": 66.91358024691358,
                "_CumResp_": 97.1604938271605,
                "_PctResp_": 99.8158379373849,
                "_CumPctResp_": 99.8730964467005,
                "_Lift_": 4.920551122024419,
                "_CumLift_": 4.923373754465125
            },
            "rowNumber": 2
        },
        {
            "dataMap": {
                "_DataRole_": "TRAIN",
                "_PartInd_": 1,
                "_PartInd__f": "           1",
                "_Column_": "BAD",
                "_Event_": "1",
                "_Depth_": 25.694966190833963,
                "_NObs_": 238,
                "_Gain_": 23,
                "_Resp_": 2.8395061728395063,
                "_CumResp_": 100.0,
                "_PctResp_": 9.663865546218489,
                "_CumPctResp_": 78.94736842105263,
                "_Lift_": 0.4763927793339559,
                "_CumLift_": 3.891812865497076
            },
            "rowNumber": 3
        },
        {
            "dataMap": {
                "_DataRole_": "TRAIN",
                "_PartInd_": 1,
                "_PartInd__f": "           1",
                "_Column_": "BAD",
                "_Event_": "1",
                "_Depth_": 37.46556473829201,
                "_NObs_": 470,
                "_Gain_": 0,
                "_Resp_": 0.0,
                "_CumResp_": 100.0,
                "_PctResp_": 0.0,
                "_CumPctResp_": 54.14438502673797,
                "_Lift_": 0.0,
                "_CumLift_": 2.669117647058824
            },
            "rowNumber": 4
        },
        {
            "dataMap": {
                "_DataRole_": "TRAIN",
                "_PartInd_": 1,
                "_PartInd__f": "           1",
                "_Column_": "BAD",
                "_Event_": "1",
                "_Depth_": 100.0,
                "_NObs_": 2497,
                "_Gain_": 0,
                "_Resp_": 0.0,
                "_CumResp_": 100.0,
                "_PctResp_": 0.0,
                "_CumPctResp_": 20.2854996243426,
                "_Lift_": 0.0,
                "_CumLift_": 1.0
            },
            "rowNumber": 5
        },
        {
            "dataMap": {
                "_DataRole_": "TEST",
                "_PartInd_": 2,
                "_PartInd__f": "           2",
                "_Column_": "BAD",
                "_Event_": "1",
                "_Depth_": 9.9644128113879,
                "_NObs_": 196,
                "_Gain_": 189,
                "_Resp_": 49.86807387862797,
                "_CumResp_": 49.86807387862797,
                "_PctResp_": 96.42857142857143,
                "_CumPctResp_": 96.42857142857143,
                "_Lift_": 5.004617414248021,
                "_CumLift_": 5.004617414248021
            },
            "rowNumber": 6
        },
        {
            "dataMap": {
                "_DataRole_": "TEST",
                "_PartInd_": 2,
                "_PartInd__f": "           2",
                "_Column_": "BAD",
                "_Event_": "1",
                "_Depth_": 19.369598373157093,
                "_NObs_": 185,
                "_Gain_": 120,
                "_Resp_": 31.6622691292876,
                "_CumResp_": 81.53034300791556,
                "_PctResp_": 64.86486486486487,
                "_CumPctResp_": 81.10236220472441,
                "_Lift_": 3.3664693717464167,
                "_CumLift_": 4.209191199385038
            },
            "rowNumber": 7
        },
        {
            "dataMap": {
                "_DataRole_": "TEST",
                "_PartInd_": 2,
                "_PartInd__f": "           2",
                "_Column_": "BAD",
                "_Event_": "1",
                "_Depth_": 24.453482460599897,
                "_NObs_": 100,
                "_Gain_": 23,
                "_Resp_": 6.068601583113456,
                "_CumResp_": 87.59894459102902,
                "_PctResp_": 23.0,
                "_CumPctResp_": 69.02286902286903,
                "_Lift_": 1.193693931398417,
                "_CumLift_": 3.5822686904481102
            },
            "rowNumber": 8
        },
        {
            "dataMap": {
                "_DataRole_": "TEST",
                "_PartInd_": 2,
                "_PartInd__f": "           2",
                "_Column_": "BAD",
                "_Event_": "1",
                "_Depth_": 32.63853584138282,
                "_NObs_": 161,
                "_Gain_": 25,
                "_Resp_": 6.596306068601583,
                "_CumResp_": 94.1952506596306,
                "_PctResp_": 15.527950310559005,
                "_CumPctResp_": 55.60747663551402,
                "_Lift_": 0.8058965240334977,
                "_CumLift_": 2.886013365225754
            },
            "rowNumber": 9
        },
        {
            "dataMap": {
                "_DataRole_": "TEST",
                "_PartInd_": 2,
                "_PartInd__f": "           2",
                "_Column_": "BAD",
                "_Event_": "1",
                "_Depth_": 49.923741738688356,
                "_NObs_": 340,
                "_Gain_": 16,
                "_Resp_": 4.221635883905013,
                "_CumResp_": 98.41688654353563,
                "_PctResp_": 4.705882352941177,
                "_CumPctResp_": 37.983706720977594,
                "_Lift_": 0.24423405246003416,
                "_CumLift_": 1.971344356732531
            },
            "rowNumber": 10
        },
        {
            "dataMap": {
                "_DataRole_": "TEST",
                "_PartInd_": 2,
                "_PartInd__f": "           2",
                "_Column_": "BAD",
                "_Event_": "1",
                "_Depth_": 100.0,
                "_NObs_": 985,
                "_Gain_": 6,
                "_Resp_": 1.58311345646438,
                "_CumResp_": 100.0,
                "_PctResp_": 0.6091370558375634,
                "_CumPctResp_": 19.267920691408236,
                "_Lift_": 0.031614052475791216,
                "_CumLift_": 1.0
            },
            "rowNumber": 11
        }
    ],
    "version": 1,
    "xInteger": false,
    "yInteger": false
}