{
    "name": "dmcas_lift",
    "revision": 0,
    "order": 0,
    "parameterMap": {
        "_DataRole_": {
            "parameter": "_DataRole_",
            "type": "char",
            "label": "Data Role",
            "length": 10,
            "order": 1,
            "values": [
                "_DataRole_"
            ],
            "preformatted": false
        },
        "_PartInd_": {
            "parameter": "_PartInd_",
            "type": "num",
            "label": "Partition Indicator",
            "length": 8,
            "order": 2,
            "values": [
                "_PartInd_"
            ],
            "preformatted": false
        },
        "_PartInd__f": {
            "parameter": "_PartInd__f",
            "type": "char",
            "label": "Formatted Partition",
            "length": 12,
            "order": 3,
            "values": [
                "_PartInd__f"
            ],
            "preformatted": false
        },
        "_Column_": {
            "parameter": "_Column_",
            "type": "char",
            "label": "Analysis Variable",
            "length": 32,
            "order": 4,
            "values": [
                "_Column_"
            ],
            "preformatted": false
        },
        "_Event_": {
            "parameter": "_Event_",
            "type": "char",
            "label": "Event",
            "length": 8,
            "order": 5,
            "values": [
                "_Event_"
            ],
            "preformatted": false
        },
        "_Depth_": {
            "parameter": "_Depth_",
            "type": "num",
            "label": "Depth",
            "length": 8,
            "order": 7,
            "values": [
                "_Depth_"
            ],
            "preformatted": false
        },
        "_NObs_": {
            "parameter": "_NObs_",
            "type": "num",
            "label": "Sum of Frequencies",
            "length": 8,
            "order": 8,
            "values": [
                "_NObs_"
            ],
            "preformatted": false
        },
        "_Gain_": {
            "parameter": "_Gain_",
            "type": "num",
            "label": "Gain",
            "length": 8,
            "order": 9,
            "values": [
                "_Gain_"
            ],
            "preformatted": false
        },
        "_Resp_": {
            "parameter": "_Resp_",
            "type": "num",
            "label": "% Captured Response",
            "length": 8,
            "order": 10,
            "values": [
                "_Resp_"
            ],
            "preformatted": false
        },
        "_CumResp_": {
            "parameter": "_CumResp_",
            "type": "num",
            "label": "Cumulative % Captured Response",
            "length": 8,
            "order": 11,
            "values": [
                "_CumResp_"
            ],
            "preformatted": false
        },
        "_PctResp_": {
            "parameter": "_PctResp_",
            "type": "num",
            "label": "% Response",
            "length": 8,
            "order": 12,
            "values": [
                "_PctResp_"
            ],
            "preformatted": false
        },
        "_CumPctResp_": {
            "parameter": "_CumPctResp_",
            "type": "num",
            "label": "Cumulative % Response",
            "length": 8,
            "order": 13,
            "values": [
                "_CumPctResp_"
            ],
            "preformatted": false
        },
        "_Lift_": {
            "parameter": "_Lift_",
            "type": "num",
            "label": "Lift",
            "length": 8,
            "order": 14,
            "values": [
                "_Lift_"
            ],
            "preformatted": false
        },
        "_CumLift_": {
            "parameter": "_CumLift_",
            "type": "num",
            "label": "Cumulative Lift",
            "length": 8,
            "order": 15,
            "values": [
                "_CumLift_"
            ],
            "preformatted": false
        }
    },
    "data": [
        {
            "dataMap": {
                "_DataRole_": "TRAIN",
                "_PartInd_": 1,
                "_PartInd__f": "           1",
                "_Column_": "BAD",
                "_Event_": "1",
                "_Depth_": 5.484598046581517,
                "_NObs_": 219,
                "_Gain_": 219,
                "_Resp_": 27.037037037037038,
                "_CumResp_": 27.037037037037038,
                "_PctResp_": 100.0,
                "_CumPctResp_": 100.0,
                "_Lift_": 4.92962962962963,
                "_CumLift_": 4.92962962962963
            },
            "rowNumber": 1
        },
        {
            "dataMap": {
                "_DataRole_": "TRAIN",
                "_PartInd_": 1,
                "_PartInd__f": "           1",
                "_Column_": "BAD",
                "_Event_": "1",
                "_Depth_": 19.634360130227897,
                "_NObs_": 565,
                "_Gain_": 565,
                "_Resp_": 69.75308641975309,
                "_CumResp_": 96.79012345679013,
                "_PctResp_": 100.0,
                "_CumPctResp_": 100.0,
                "_Lift_": 4.92962962962963,
                "_CumLift_": 4.92962962962963
            },
            "rowNumber": 2
        },
        {
            "dataMap": {
                "_DataRole_": "TRAIN",
                "_PartInd_": 1,
                "_PartInd__f": "           1",
                "_Column_": "BAD",
                "_Event_": "1",
                "_Depth_": 25.093914350112694,
                "_NObs_": 218,
                "_Gain_": 26,
                "_Resp_": 3.2098765432098766,
                "_CumResp_": 100.0,
                "_PctResp_": 11.926605504587156,
                "_CumPctResp_": 80.83832335329342,
                "_Lift_": 0.5879374787631669,
                "_CumLift_": 3.985029940119761
            },
            "rowNumber": 3
        },
        {
            "dataMap": {
                "_DataRole_": "TRAIN",
                "_PartInd_": 1,
                "_PartInd__f": "           1",
                "_Column_": "BAD",
                "_Event_": "1",
                "_Depth_": 36.46381167042324,
                "_NObs_": 454,
                "_Gain_": 0,
                "_Resp_": 0.0,
                "_CumResp_": 100.0,
                "_PctResp_": 0.0,
                "_CumPctResp_": 55.63186813186813,
                "_Lift_": 0.0,
                "_CumLift_": 2.742445054945055
            },
            "rowNumber": 4
        },
        {
            "dataMap": {
                "_DataRole_": "TRAIN",
                "_PartInd_": 1,
                "_PartInd__f": "           1",
                "_Column_": "BAD",
                "_Event_": "1",
                "_Depth_": 100.0,
                "_NObs_": 2537,
                "_Gain_": 0,
                "_Resp_": 0.0,
                "_CumResp_": 100.0,
                "_PctResp_": 0.0,
                "_CumPctResp_": 20.2854996243426,
                "_Lift_": 0.0,
                "_CumLift_": 1.0
            },
            "rowNumber": 5
        },
        {
            "dataMap": {
                "_DataRole_": "TEST",
                "_PartInd_": 2,
                "_PartInd__f": "           2",
                "_Column_": "BAD",
                "_Event_": "1",
                "_Depth_": 9.557702084392476,
                "_NObs_": 188,
                "_Gain_": 182,
                "_Resp_": 48.02110817941953,
                "_CumResp_": 48.02110817941953,
                "_PctResp_": 96.80851063829788,
                "_CumPctResp_": 96.80851063829788,
                "_Lift_": 5.024336158985011,
                "_CumLift_": 5.024336158985011
            },
            "rowNumber": 6
        },
        {
            "dataMap": {
                "_DataRole_": "TEST",
                "_PartInd_": 2,
                "_PartInd__f": "           2",
                "_Column_": "BAD",
                "_Event_": "1",
                "_Depth_": 19.827147941026947,
                "_NObs_": 202,
                "_Gain_": 125,
                "_Resp_": 32.98153034300791,
                "_CumResp_": 81.00263852242745,
                "_PctResp_": 61.88118811881188,
                "_CumPctResp_": 78.71794871794872,
                "_Lift_": 3.211617335876068,
                "_CumLift_": 4.085440768554225
            },
            "rowNumber": 7
        },
        {
            "dataMap": {
                "_DataRole_": "TEST",
                "_PartInd_": 2,
                "_PartInd__f": "           2",
                "_Column_": "BAD",
                "_Event_": "1",
                "_Depth_": 24.35180477885104,
                "_NObs_": 89,
                "_Gain_": 25,
                "_Resp_": 6.596306068601583,
                "_CumResp_": 87.59894459102902,
                "_PctResp_": 28.08988764044944,
                "_CumPctResp_": 69.31106471816284,
                "_Lift_": 1.4578577569594735,
                "_CumLift_": 3.5972259709927785
            },
            "rowNumber": 8
        },
        {
            "dataMap": {
                "_DataRole_": "TEST",
                "_PartInd_": 2,
                "_PartInd__f": "           2",
                "_Column_": "BAD",
                "_Event_": "1",
                "_Depth_": 32.435180477885105,
                "_NObs_": 159,
                "_Gain_": 18,
                "_Resp_": 4.749340369393139,
                "_CumResp_": 92.34828496042216,
                "_PctResp_": 11.320754716981133,
                "_CumPctResp_": 54.858934169278996,
                "_Lift_": 0.5875441828047991,
                "_CumLift_": 2.8471642087327647
            },
            "rowNumber": 9
        },
        {
            "dataMap": {
                "_DataRole_": "TEST",
                "_PartInd_": 2,
                "_PartInd__f": "           2",
                "_Column_": "BAD",
                "_Event_": "1",
                "_Depth_": 49.008642602948655,
                "_NObs_": 326,
                "_Gain_": 20,
                "_Resp_": 5.277044854881266,
                "_CumResp_": 97.62532981530343,
                "_PctResp_": 6.134969325153374,
                "_CumPctResp_": 38.38174273858922,
                "_Lift_": 0.3184032892500445,
                "_CumLift_": 1.9920023210238784
            },
            "rowNumber": 10
        },
        {
            "dataMap": {
                "_DataRole_": "TEST",
                "_PartInd_": 2,
                "_PartInd__f": "           2",
                "_Column_": "BAD",
                "_Event_": "1",
                "_Depth_": 100.0,
                "_NObs_": 1003,
                "_Gain_": 9,
                "_Resp_": 2.3746701846965697,
                "_CumResp_": 100.0,
                "_PctResp_": 0.897308075772682,
                "_CumPctResp_": 19.267920691408236,
                "_Lift_": 0.046570052375853974,
                "_CumLift_": 1.0
            },
            "rowNumber": 11
        }
    ],
    "version": 1,
    "xInteger": false,
    "yInteger": false
}