{
    "name": "dmcas_lift",
    "revision": 0,
    "order": 0,
    "parameterMap": {
        "_DataRole_": {
            "parameter": "_DataRole_",
            "type": "char",
            "label": "Data Role",
            "length": 10,
            "order": 1,
            "values": [
                "_DataRole_"
            ],
            "preformatted": false
        },
        "_PartInd_": {
            "parameter": "_PartInd_",
            "type": "num",
            "label": "Partition Indicator",
            "length": 8,
            "order": 2,
            "values": [
                "_PartInd_"
            ],
            "preformatted": false
        },
        "_PartInd__f": {
            "parameter": "_PartInd__f",
            "type": "char",
            "label": "Formatted Partition",
            "length": 12,
            "order": 3,
            "values": [
                "_PartInd__f"
            ],
            "preformatted": false
        },
        "_Column_": {
            "parameter": "_Column_",
            "type": "char",
            "label": "Analysis Variable",
            "length": 32,
            "order": 4,
            "values": [
                "_Column_"
            ],
            "preformatted": false
        },
        "_Event_": {
            "parameter": "_Event_",
            "type": "char",
            "label": "Event",
            "length": 8,
            "order": 5,
            "values": [
                "_Event_"
            ],
            "preformatted": false
        },
        "_Depth_": {
            "parameter": "_Depth_",
            "type": "num",
            "label": "Depth",
            "length": 8,
            "order": 7,
            "values": [
                "_Depth_"
            ],
            "preformatted": false
        },
        "_NObs_": {
            "parameter": "_NObs_",
            "type": "num",
            "label": "Sum of Frequencies",
            "length": 8,
            "order": 8,
            "values": [
                "_NObs_"
            ],
            "preformatted": false
        },
        "_Gain_": {
            "parameter": "_Gain_",
            "type": "num",
            "label": "Gain",
            "length": 8,
            "order": 9,
            "values": [
                "_Gain_"
            ],
            "preformatted": false
        },
        "_Resp_": {
            "parameter": "_Resp_",
            "type": "num",
            "label": "% Captured Response",
            "length": 8,
            "order": 10,
            "values": [
                "_Resp_"
            ],
            "preformatted": false
        },
        "_CumResp_": {
            "parameter": "_CumResp_",
            "type": "num",
            "label": "Cumulative % Captured Response",
            "length": 8,
            "order": 11,
            "values": [
                "_CumResp_"
            ],
            "preformatted": false
        },
        "_PctResp_": {
            "parameter": "_PctResp_",
            "type": "num",
            "label": "% Response",
            "length": 8,
            "order": 12,
            "values": [
                "_PctResp_"
            ],
            "preformatted": false
        },
        "_CumPctResp_": {
            "parameter": "_CumPctResp_",
            "type": "num",
            "label": "Cumulative % Response",
            "length": 8,
            "order": 13,
            "values": [
                "_CumPctResp_"
            ],
            "preformatted": false
        },
        "_Lift_": {
            "parameter": "_Lift_",
            "type": "num",
            "label": "Lift",
            "length": 8,
            "order": 14,
            "values": [
                "_Lift_"
            ],
            "preformatted": false
        },
        "_CumLift_": {
            "parameter": "_CumLift_",
            "type": "num",
            "label": "Cumulative Lift",
            "length": 8,
            "order": 15,
            "values": [
                "_CumLift_"
            ],
            "preformatted": false
        }
    },
    "data": [
        {
            "dataMap": {
                "_DataRole_": "TRAIN",
                "_PartInd_": 1,
                "_PartInd__f": "           1",
                "_Column_": "BAD",
                "_Event_": "1",
                "_Depth_": 5.534685699974956,
                "_NObs_": 221,
                "_Gain_": 221,
                "_Resp_": 27.283950617283953,
                "_CumResp_": 27.283950617283953,
                "_PctResp_": 100.0,
                "_CumPctResp_": 100.0,
                "_Lift_": 4.92962962962963,
                "_CumLift_": 4.92962962962963
            },
            "rowNumber": 1
        },
        {
            "dataMap": {
                "_DataRole_": "TRAIN",
                "_PartInd_": 1,
                "_PartInd__f": "           1",
                "_Column_": "BAD",
                "_Event_": "1",
                "_Depth_": 19.58427247683446,
                "_NObs_": 561,
                "_Gain_": 560,
                "_Resp_": 69.1358024691358,
                "_CumResp_": 96.41975308641976,
                "_PctResp_": 99.8217468805704,
                "_CumPctResp_": 99.87212276214834,
                "_Lift_": 4.920842411038489,
                "_CumLift_": 4.923325755422942
            },
            "rowNumber": 2
        },
        {
            "dataMap": {
                "_DataRole_": "TRAIN",
                "_PartInd_": 1,
                "_PartInd__f": "           1",
                "_Column_": "BAD",
                "_Event_": "1",
                "_Depth_": 25.59479088404708,
                "_NObs_": 240,
                "_Gain_": 29,
                "_Resp_": 3.580246913580247,
                "_CumResp_": 100.0,
                "_PctResp_": 12.083333333333334,
                "_CumPctResp_": 79.2563600782779,
                "_Lift_": 0.5956635802469137,
                "_CumLift_": 3.9070450097847362
            },
            "rowNumber": 3
        },
        {
            "dataMap": {
                "_DataRole_": "TRAIN",
                "_PartInd_": 1,
                "_PartInd__f": "           1",
                "_Column_": "BAD",
                "_Event_": "1",
                "_Depth_": 37.46556473829201,
                "_NObs_": 474,
                "_Gain_": 0,
                "_Resp_": 0.0,
                "_CumResp_": 100.0,
                "_PctResp_": 0.0,
                "_CumPctResp_": 54.14438502673797,
                "_Lift_": 0.0,
                "_CumLift_": 2.669117647058824
            },
            "rowNumber": 4
        },
        {
            "dataMap": {
                "_DataRole_": "TRAIN",
                "_PartInd_": 1,
                "_PartInd__f": "           1",
                "_Column_": "BAD",
                "_Event_": "1",
                "_Depth_": 100.0,
                "_NObs_": 2497,
                "_Gain_": 0,
                "_Resp_": 0.0,
                "_CumResp_": 100.0,
                "_PctResp_": 0.0,
                "_CumPctResp_": 20.2854996243426,
                "_Lift_": 0.0,
                "_CumLift_": 1.0
            },
            "rowNumber": 5
        },
        {
            "dataMap": {
                "_DataRole_": "TEST",
                "_PartInd_": 2,
                "_PartInd__f": "           2",
                "_Column_": "BAD",
                "_Event_": "1",
                "_Depth_": 9.9644128113879,
                "_NObs_": 196,
                "_Gain_": 183,
                "_Resp_": 48.284960422163586,
                "_CumResp_": 48.284960422163586,
                "_PctResp_": 93.36734693877551,
                "_CumPctResp_": 93.36734693877551,
                "_Lift_": 4.84574067093856,
                "_CumLift_": 4.84574067093856
            },
            "rowNumber": 6
        },
        {
            "dataMap": {
                "_DataRole_": "TEST",
                "_PartInd_": 2,
                "_PartInd__f": "           2",
                "_Column_": "BAD",
                "_Event_": "1",
                "_Depth_": 17.28520589730554,
                "_NObs_": 144,
                "_Gain_": 98,
                "_Resp_": 25.857519788918204,
                "_CumResp_": 74.14248021108179,
                "_PctResp_": 68.05555555555556,
                "_CumPctResp_": 82.6470588235294,
                "_Lift_": 3.532065376722369,
                "_CumLift_": 4.289360546329349
            },
            "rowNumber": 7
        },
        {
            "dataMap": {
                "_DataRole_": "TEST",
                "_PartInd_": 2,
                "_PartInd__f": "           2",
                "_Column_": "BAD",
                "_Event_": "1",
                "_Depth_": 25.012709710218605,
                "_NObs_": 152,
                "_Gain_": 50,
                "_Resp_": 13.192612137203167,
                "_CumResp_": 87.33509234828496,
                "_PctResp_": 32.89473684210527,
                "_CumPctResp_": 67.27642276422763,
                "_Lift_": 1.707228162755173,
                "_CumLift_": 3.491628590428384
            },
            "rowNumber": 8
        },
        {
            "dataMap": {
                "_DataRole_": "TEST",
                "_PartInd_": 2,
                "_PartInd__f": "           2",
                "_Column_": "BAD",
                "_Event_": "1",
                "_Depth_": 32.079308591764104,
                "_NObs_": 139,
                "_Gain_": 23,
                "_Resp_": 6.068601583113456,
                "_CumResp_": 93.40369393139841,
                "_PctResp_": 16.546762589928058,
                "_CumPctResp_": 56.1014263074485,
                "_Lift_": 0.8587726125168467,
                "_CumLift_": 2.911649222869425
            },
            "rowNumber": 9
        },
        {
            "dataMap": {
                "_DataRole_": "TEST",
                "_PartInd_": 2,
                "_PartInd__f": "           2",
                "_Column_": "BAD",
                "_Event_": "1",
                "_Depth_": 49.517031011692936,
                "_NObs_": 343,
                "_Gain_": 17,
                "_Resp_": 4.485488126649076,
                "_CumResp_": 97.8891820580475,
                "_PctResp_": 4.956268221574344,
                "_CumPctResp_": 38.09034907597536,
                "_Lift_": 0.25722901297722256,
                "_CumLift_": 1.9768790668190908
            },
            "rowNumber": 10
        },
        {
            "dataMap": {
                "_DataRole_": "TEST",
                "_PartInd_": 2,
                "_PartInd__f": "           2",
                "_Column_": "BAD",
                "_Event_": "1",
                "_Depth_": 100.0,
                "_NObs_": 993,
                "_Gain_": 8,
                "_Resp_": 2.1108179419525066,
                "_CumResp_": 100.0,
                "_PctResp_": 0.8056394763343404,
                "_CumPctResp_": 19.267920691408236,
                "_Lift_": 0.04181247625196959,
                "_CumLift_": 1.0
            },
            "rowNumber": 11
        }
    ],
    "version": 1,
    "xInteger": false,
    "yInteger": false
}