{
    "name": "dmcas_roc",
    "revision": 0,
    "order": 0,
    "parameterMap": {
        "_DataRole_": {
            "parameter": "_DataRole_",
            "type": "char",
            "label": "Data Role",
            "length": 10,
            "order": 1,
            "values": [
                "_DataRole_"
            ],
            "preformatted": false
        },
        "_PartInd_": {
            "parameter": "_PartInd_",
            "type": "num",
            "label": "Partition Indicator",
            "length": 8,
            "order": 2,
            "values": [
                "_PartInd_"
            ],
            "preformatted": false
        },
        "_PartInd__f": {
            "parameter": "_PartInd__f",
            "type": "char",
            "label": "Formatted Partition",
            "length": 12,
            "order": 3,
            "values": [
                "_PartInd__f"
            ],
            "preformatted": false
        },
        "_Column_": {
            "parameter": "_Column_",
            "type": "num",
            "label": "Analysis Variable",
            "length": 32,
            "order": 4,
            "values": [
                "_Column_"
            ],
            "preformatted": false
        },
        "_Event_": {
            "parameter": "_Event_",
            "type": "char",
            "label": "Event",
            "length": 8,
            "order": 5,
            "values": [
                "_Event_"
            ],
            "preformatted": false
        },
        "_Cutoff_": {
            "parameter": "_Cutoff_",
            "type": "num",
            "label": "Cutoff",
            "length": 8,
            "order": 6,
            "values": [
                "_Cutoff_"
            ],
            "preformatted": false
        },
        "_Sensitivity_": {
            "parameter": "_Sensitivity_",
            "type": "num",
            "label": "Sensitivity",
            "length": 8,
            "order": 7,
            "values": [
                "_Sensitivity_"
            ],
            "preformatted": false
        },
        "_Specificity_": {
            "parameter": "_Specificity_",
            "type": "num",
            "label": "Specificity",
            "length": 8,
            "order": 8,
            "values": [
                "_Specificity_"
            ],
            "preformatted": false
        },
        "_FPR_": {
            "parameter": "_FPR_",
            "type": "num",
            "label": "False Positive Rate",
            "length": 8,
            "order": 9,
            "values": [
                "_FPR_"
            ],
            "preformatted": false
        },
        "_OneMinusSpecificity_": {
            "parameter": "_OneMinusSpecificity_",
            "type": "num",
            "label": "1 - Specificity",
            "length": 8,
            "order": 10,
            "values": [
                "_OneMinusSpecificity_"
            ],
            "preformatted": false
        }
    },
    "data": [
        {
            "dataMap": {
                "_DataRole_": "TRAIN",
                "_PartInd_": 1,
                "_PartInd__f": "           1",
                "_Column_": "BAD",
                "_Event_": "1",
                "_Cutoff_": 1.0,
                "_Sensitivity_": 0.0,
                "_Specificity_": 1.0,
                "_FPR_": 0.0,
                "_OneMinusSpecificity_": 0.0
            },
            "rowNumber": 1
        },
        {
            "dataMap": {
                "_DataRole_": "TRAIN",
                "_PartInd_": 1,
                "_PartInd__f": "           1",
                "_Column_": "BAD",
                "_Event_": "1",
                "_Cutoff_": 1.0,
                "_Sensitivity_": 0.26296296296296295,
                "_Specificity_": 1.0,
                "_FPR_": 0.0,
                "_OneMinusSpecificity_": 0.0
            },
            "rowNumber": 2
        },
        {
            "dataMap": {
                "_DataRole_": "TRAIN",
                "_PartInd_": 1,
                "_PartInd__f": "           1",
                "_Column_": "BAD",
                "_Event_": "1",
                "_Cutoff_": 0.9,
                "_Sensitivity_": 0.5666666666666667,
                "_Specificity_": 1.0,
                "_FPR_": 0.0,
                "_OneMinusSpecificity_": 0.0
            },
            "rowNumber": 3
        },
        {
            "dataMap": {
                "_DataRole_": "TRAIN",
                "_PartInd_": 1,
                "_PartInd__f": "           1",
                "_Column_": "BAD",
                "_Event_": "1",
                "_Cutoff_": 0.8,
                "_Sensitivity_": 0.7814814814814814,
                "_Specificity_": 1.0,
                "_FPR_": 0.0,
                "_OneMinusSpecificity_": 0.0
            },
            "rowNumber": 4
        },
        {
            "dataMap": {
                "_DataRole_": "TRAIN",
                "_PartInd_": 1,
                "_PartInd__f": "           1",
                "_Column_": "BAD",
                "_Event_": "1",
                "_Cutoff_": 0.7,
                "_Sensitivity_": 0.9061728395061729,
                "_Specificity_": 1.0,
                "_FPR_": 0.0,
                "_OneMinusSpecificity_": 0.0
            },
            "rowNumber": 5
        },
        {
            "dataMap": {
                "_DataRole_": "TRAIN",
                "_PartInd_": 1,
                "_PartInd__f": "           1",
                "_Column_": "BAD",
                "_Event_": "1",
                "_Cutoff_": 0.6,
                "_Sensitivity_": 0.9691358024691358,
                "_Specificity_": 0.9993716619541313,
                "_FPR_": 0.0006283380458686773,
                "_OneMinusSpecificity_": 0.0006283380458686773
            },
            "rowNumber": 6
        },
        {
            "dataMap": {
                "_DataRole_": "TRAIN",
                "_PartInd_": 1,
                "_PartInd__f": "           1",
                "_Column_": "BAD",
                "_Event_": "1",
                "_Cutoff_": 0.5,
                "_Sensitivity_": 0.9925925925925926,
                "_Specificity_": 0.9984291548853284,
                "_FPR_": 0.0015708451146716933,
                "_OneMinusSpecificity_": 0.0015708451146716933
            },
            "rowNumber": 7
        },
        {
            "dataMap": {
                "_DataRole_": "TRAIN",
                "_PartInd_": 1,
                "_PartInd__f": "           1",
                "_Column_": "BAD",
                "_Event_": "1",
                "_Cutoff_": 0.4,
                "_Sensitivity_": 1.0,
                "_Specificity_": 0.9940307885642475,
                "_FPR_": 0.0059692114357524344,
                "_OneMinusSpecificity_": 0.0059692114357524344
            },
            "rowNumber": 8
        },
        {
            "dataMap": {
                "_DataRole_": "TRAIN",
                "_PartInd_": 1,
                "_PartInd__f": "           1",
                "_Column_": "BAD",
                "_Event_": "1",
                "_Cutoff_": 0.3,
                "_Sensitivity_": 1.0,
                "_Specificity_": 0.9817781966698084,
                "_FPR_": 0.018221803330191643,
                "_OneMinusSpecificity_": 0.018221803330191643
            },
            "rowNumber": 9
        },
        {
            "dataMap": {
                "_DataRole_": "TRAIN",
                "_PartInd_": 1,
                "_PartInd__f": "           1",
                "_Column_": "BAD",
                "_Event_": "1",
                "_Cutoff_": 0.2,
                "_Sensitivity_": 1.0,
                "_Specificity_": 0.941564561734213,
                "_FPR_": 0.058435438265786996,
                "_OneMinusSpecificity_": 0.058435438265786996
            },
            "rowNumber": 10
        },
        {
            "dataMap": {
                "_DataRole_": "TRAIN",
                "_PartInd_": 1,
                "_PartInd__f": "           1",
                "_Column_": "BAD",
                "_Event_": "1",
                "_Cutoff_": 0.1,
                "_Sensitivity_": 1.0,
                "_Specificity_": 0.7954759660697455,
                "_FPR_": 0.20452403393025448,
                "_OneMinusSpecificity_": 0.20452403393025448
            },
            "rowNumber": 11
        },
        {
            "dataMap": {
                "_DataRole_": "TRAIN",
                "_PartInd_": 1,
                "_PartInd__f": "           1",
                "_Column_": "BAD",
                "_Event_": "1",
                "_Cutoff_": 0.0,
                "_Sensitivity_": 1.0,
                "_Specificity_": 0.0,
                "_FPR_": 1.0,
                "_OneMinusSpecificity_": 1.0
            },
            "rowNumber": 12
        },
        {
            "dataMap": {
                "_DataRole_": "TEST",
                "_PartInd_": 2,
                "_PartInd__f": "           1",
                "_Column_": "BAD",
                "_Event_": "1",
                "_Cutoff_": 1.0,
                "_Sensitivity_": 0.0,
                "_Specificity_": 1.0,
                "_FPR_": 0.0,
                "_OneMinusSpecificity_": 0.0
            },
            "rowNumber": 13
        },
        {
            "dataMap": {
                "_DataRole_": "TEST",
                "_PartInd_": 2,
                "_PartInd__f": "           1",
                "_Column_": "BAD",
                "_Event_": "1",
                "_Cutoff_": 1.0,
                "_Sensitivity_": 0.05804749340369393,
                "_Specificity_": 1.0,
                "_FPR_": 0.0,
                "_OneMinusSpecificity_": 0.0
            },
            "rowNumber": 14
        },
        {
            "dataMap": {
                "_DataRole_": "TEST",
                "_PartInd_": 2,
                "_PartInd__f": "           1",
                "_Column_": "BAD",
                "_Event_": "1",
                "_Cutoff_": 0.9,
                "_Sensitivity_": 0.1741424802110818,
                "_Specificity_": 1.0,
                "_FPR_": 0.0,
                "_OneMinusSpecificity_": 0.0
            },
            "rowNumber": 15
        },
        {
            "dataMap": {
                "_DataRole_": "TEST",
                "_PartInd_": 2,
                "_PartInd__f": "           1",
                "_Column_": "BAD",
                "_Event_": "1",
                "_Cutoff_": 0.8,
                "_Sensitivity_": 0.3482849604221636,
                "_Specificity_": 0.9981108312342569,
                "_FPR_": 0.001889168765743073,
                "_OneMinusSpecificity_": 0.001889168765743073
            },
            "rowNumber": 16
        },
        {
            "dataMap": {
                "_DataRole_": "TEST",
                "_PartInd_": 2,
                "_PartInd__f": "           1",
                "_Column_": "BAD",
                "_Event_": "1",
                "_Cutoff_": 0.7,
                "_Sensitivity_": 0.48812664907651715,
                "_Specificity_": 0.9905541561712846,
                "_FPR_": 0.009445843828715366,
                "_OneMinusSpecificity_": 0.009445843828715366
            },
            "rowNumber": 17
        },
        {
            "dataMap": {
                "_DataRole_": "TEST",
                "_PartInd_": 2,
                "_PartInd__f": "           1",
                "_Column_": "BAD",
                "_Event_": "1",
                "_Cutoff_": 0.6,
                "_Sensitivity_": 0.6068601583113457,
                "_Specificity_": 0.9867758186397985,
                "_FPR_": 0.01322418136020151,
                "_OneMinusSpecificity_": 0.01322418136020151
            },
            "rowNumber": 18
        },
        {
            "dataMap": {
                "_DataRole_": "TEST",
                "_PartInd_": 2,
                "_PartInd__f": "           1",
                "_Column_": "BAD",
                "_Event_": "1",
                "_Cutoff_": 0.5,
                "_Sensitivity_": 0.7071240105540897,
                "_Specificity_": 0.9735516372795969,
                "_FPR_": 0.02644836272040302,
                "_OneMinusSpecificity_": 0.02644836272040302
            },
            "rowNumber": 19
        },
        {
            "dataMap": {
                "_DataRole_": "TEST",
                "_PartInd_": 2,
                "_PartInd__f": "           1",
                "_Column_": "BAD",
                "_Event_": "1",
                "_Cutoff_": 0.4,
                "_Sensitivity_": 0.7941952506596306,
                "_Specificity_": 0.9483627204030227,
                "_FPR_": 0.05163727959697733,
                "_OneMinusSpecificity_": 0.05163727959697733
            },
            "rowNumber": 20
        },
        {
            "dataMap": {
                "_DataRole_": "TEST",
                "_PartInd_": 2,
                "_PartInd__f": "           1",
                "_Column_": "BAD",
                "_Event_": "1",
                "_Cutoff_": 0.3,
                "_Sensitivity_": 0.8786279683377308,
                "_Specificity_": 0.9030226700251889,
                "_FPR_": 0.09697732997481108,
                "_OneMinusSpecificity_": 0.09697732997481108
            },
            "rowNumber": 21
        },
        {
            "dataMap": {
                "_DataRole_": "TEST",
                "_PartInd_": 2,
                "_PartInd__f": "           1",
                "_Column_": "BAD",
                "_Event_": "1",
                "_Cutoff_": 0.2,
                "_Sensitivity_": 0.9287598944591029,
                "_Specificity_": 0.8129722921914357,
                "_FPR_": 0.18702770780856423,
                "_OneMinusSpecificity_": 0.18702770780856423
            },
            "rowNumber": 22
        },
        {
            "dataMap": {
                "_DataRole_": "TEST",
                "_PartInd_": 2,
                "_PartInd__f": "           1",
                "_Column_": "BAD",
                "_Event_": "1",
                "_Cutoff_": 0.1,
                "_Sensitivity_": 0.978891820580475,
                "_Specificity_": 0.6278337531486147,
                "_FPR_": 0.3721662468513854,
                "_OneMinusSpecificity_": 0.3721662468513854
            },
            "rowNumber": 23
        },
        {
            "dataMap": {
                "_DataRole_": "TEST",
                "_PartInd_": 2,
                "_PartInd__f": "           1",
                "_Column_": "BAD",
                "_Event_": "1",
                "_Cutoff_": 0.0,
                "_Sensitivity_": 1.0,
                "_Specificity_": 0.0,
                "_FPR_": 1.0,
                "_OneMinusSpecificity_": 1.0
            },
            "rowNumber": 24
        }
    ],
    "version": 1,
    "xInteger": false,
    "yInteger": false
}