{
    "name": "dmcas_lift",
    "revision": 0,
    "order": 0,
    "parameterMap": {
        "_DataRole_": {
            "parameter": "_DataRole_",
            "type": "char",
            "label": "Data Role",
            "length": 10,
            "order": 1,
            "values": [
                "_DataRole_"
            ],
            "preformatted": false
        },
        "_PartInd_": {
            "parameter": "_PartInd_",
            "type": "num",
            "label": "Partition Indicator",
            "length": 8,
            "order": 2,
            "values": [
                "_PartInd_"
            ],
            "preformatted": false
        },
        "_PartInd__f": {
            "parameter": "_PartInd__f",
            "type": "char",
            "label": "Formatted Partition",
            "length": 12,
            "order": 3,
            "values": [
                "_PartInd__f"
            ],
            "preformatted": false
        },
        "_Column_": {
            "parameter": "_Column_",
            "type": "char",
            "label": "Analysis Variable",
            "length": 32,
            "order": 4,
            "values": [
                "_Column_"
            ],
            "preformatted": false
        },
        "_Event_": {
            "parameter": "_Event_",
            "type": "char",
            "label": "Event",
            "length": 8,
            "order": 5,
            "values": [
                "_Event_"
            ],
            "preformatted": false
        },
        "_Depth_": {
            "parameter": "_Depth_",
            "type": "num",
            "label": "Depth",
            "length": 8,
            "order": 7,
            "values": [
                "_Depth_"
            ],
            "preformatted": false
        },
        "_NObs_": {
            "parameter": "_NObs_",
            "type": "num",
            "label": "Sum of Frequencies",
            "length": 8,
            "order": 8,
            "values": [
                "_NObs_"
            ],
            "preformatted": false
        },
        "_Gain_": {
            "parameter": "_Gain_",
            "type": "num",
            "label": "Gain",
            "length": 8,
            "order": 9,
            "values": [
                "_Gain_"
            ],
            "preformatted": false
        },
        "_Resp_": {
            "parameter": "_Resp_",
            "type": "num",
            "label": "% Captured Response",
            "length": 8,
            "order": 10,
            "values": [
                "_Resp_"
            ],
            "preformatted": false
        },
        "_CumResp_": {
            "parameter": "_CumResp_",
            "type": "num",
            "label": "Cumulative % Captured Response",
            "length": 8,
            "order": 11,
            "values": [
                "_CumResp_"
            ],
            "preformatted": false
        },
        "_PctResp_": {
            "parameter": "_PctResp_",
            "type": "num",
            "label": "% Response",
            "length": 8,
            "order": 12,
            "values": [
                "_PctResp_"
            ],
            "preformatted": false
        },
        "_CumPctResp_": {
            "parameter": "_CumPctResp_",
            "type": "num",
            "label": "Cumulative % Response",
            "length": 8,
            "order": 13,
            "values": [
                "_CumPctResp_"
            ],
            "preformatted": false
        },
        "_Lift_": {
            "parameter": "_Lift_",
            "type": "num",
            "label": "Lift",
            "length": 8,
            "order": 14,
            "values": [
                "_Lift_"
            ],
            "preformatted": false
        },
        "_CumLift_": {
            "parameter": "_CumLift_",
            "type": "num",
            "label": "Cumulative Lift",
            "length": 8,
            "order": 15,
            "values": [
                "_CumLift_"
            ],
            "preformatted": false
        }
    },
    "data": [
        {
            "dataMap": {
                "_DataRole_": "TRAIN",
                "_PartInd_": 1,
                "_PartInd__f": "           1",
                "_Column_": "BAD",
                "_Event_": "1",
                "_Depth_": 5.760080140245429,
                "_NObs_": 230,
                "_Gain_": 230,
                "_Resp_": 28.39506172839506,
                "_CumResp_": 28.39506172839506,
                "_PctResp_": 100.0,
                "_CumPctResp_": 100.0,
                "_Lift_": 4.92962962962963,
                "_CumLift_": 4.92962962962963
            },
            "rowNumber": 1
        },
        {
            "dataMap": {
                "_DataRole_": "TRAIN",
                "_PartInd_": 1,
                "_PartInd__f": "           1",
                "_Column_": "BAD",
                "_Event_": "1",
                "_Depth_": 19.88479839719509,
                "_NObs_": 564,
                "_Gain_": 561,
                "_Resp_": 69.25925925925925,
                "_CumResp_": 97.65432098765432,
                "_PctResp_": 99.46808510638297,
                "_CumPctResp_": 99.62216624685138,
                "_Lift_": 4.9034081954294715,
                "_CumLift_": 4.911003824983673
            },
            "rowNumber": 2
        },
        {
            "dataMap": {
                "_DataRole_": "TRAIN",
                "_PartInd_": 1,
                "_PartInd__f": "           1",
                "_Column_": "BAD",
                "_Event_": "1",
                "_Depth_": 25.41948409717005,
                "_NObs_": 221,
                "_Gain_": 19,
                "_Resp_": 2.345679012345679,
                "_CumResp_": 100.0,
                "_PctResp_": 8.597285067873303,
                "_CumPctResp_": 79.80295566502463,
                "_Lift_": 0.4238143120496062,
                "_CumLift_": 3.933990147783251
            },
            "rowNumber": 3
        },
        {
            "dataMap": {
                "_DataRole_": "TRAIN",
                "_PartInd_": 1,
                "_PartInd__f": "           1",
                "_Column_": "BAD",
                "_Event_": "1",
                "_Depth_": 36.78938141748059,
                "_NObs_": 454,
                "_Gain_": 0,
                "_Resp_": 0.0,
                "_CumResp_": 100.0,
                "_PctResp_": 0.0,
                "_CumPctResp_": 55.13955071477196,
                "_Lift_": 0.0,
                "_CumLift_": 2.7181756296800548
            },
            "rowNumber": 4
        },
        {
            "dataMap": {
                "_DataRole_": "TRAIN",
                "_PartInd_": 1,
                "_PartInd__f": "           1",
                "_Column_": "BAD",
                "_Event_": "1",
                "_Depth_": 100.0,
                "_NObs_": 2524,
                "_Gain_": 0,
                "_Resp_": 0.0,
                "_CumResp_": 100.0,
                "_PctResp_": 0.0,
                "_CumPctResp_": 20.2854996243426,
                "_Lift_": 0.0,
                "_CumLift_": 1.0
            },
            "rowNumber": 5
        },
        {
            "dataMap": {
                "_DataRole_": "TEST",
                "_PartInd_": 2,
                "_PartInd__f": "           2",
                "_Column_": "BAD",
                "_Event_": "1",
                "_Depth_": 6.405693950177936,
                "_NObs_": 126,
                "_Gain_": 121,
                "_Resp_": 31.926121372031663,
                "_CumResp_": 31.926121372031663,
                "_PctResp_": 96.03174603174604,
                "_CumPctResp_": 96.03174603174604,
                "_Lift_": 4.984022280856054,
                "_CumLift_": 4.984022280856054
            },
            "rowNumber": 6
        },
        {
            "dataMap": {
                "_DataRole_": "TEST",
                "_PartInd_": 2,
                "_PartInd__f": "           2",
                "_Column_": "BAD",
                "_Event_": "1",
                "_Depth_": 19.87798678190137,
                "_NObs_": 265,
                "_Gain_": 187,
                "_Resp_": 49.340369393139845,
                "_CumResp_": 81.26649076517151,
                "_PctResp_": 70.56603773584905,
                "_CumPctResp_": 78.77237851662404,
                "_Lift_": 3.6623587394832477,
                "_CumLift_": 4.08826566074405
            },
            "rowNumber": 7
        },
        {
            "dataMap": {
                "_DataRole_": "TEST",
                "_PartInd_": 2,
                "_PartInd__f": "           2",
                "_Column_": "BAD",
                "_Event_": "1",
                "_Depth_": 24.86019318759532,
                "_NObs_": 98,
                "_Gain_": 27,
                "_Resp_": 7.12401055408971,
                "_CumResp_": 88.39050131926122,
                "_PctResp_": 27.55102040816326,
                "_CumPctResp_": 68.50715746421268,
                "_Lift_": 1.4298906897851487,
                "_CumLift_": 3.555503396625497
            },
            "rowNumber": 8
        },
        {
            "dataMap": {
                "_DataRole_": "TEST",
                "_PartInd_": 2,
                "_PartInd__f": "           2",
                "_Column_": "BAD",
                "_Event_": "1",
                "_Depth_": 32.48601931875953,
                "_NObs_": 150,
                "_Gain_": 18,
                "_Resp_": 4.749340369393139,
                "_CumResp_": 93.13984168865436,
                "_PctResp_": 12.0,
                "_CumPctResp_": 55.24256651017214,
                "_Lift_": 0.622796833773087,
                "_CumLift_": 2.8670746260028652
            },
            "rowNumber": 9
        },
        {
            "dataMap": {
                "_DataRole_": "TEST",
                "_PartInd_": 2,
                "_PartInd__f": "           2",
                "_Column_": "BAD",
                "_Event_": "1",
                "_Depth_": 49.21199796644636,
                "_NObs_": 329,
                "_Gain_": 14,
                "_Resp_": 3.6939313984168867,
                "_CumResp_": 96.83377308707124,
                "_PctResp_": 4.25531914893617,
                "_CumPctResp_": 37.913223140495866,
                "_Lift_": 0.22084994105428618,
                "_CumLift_": 1.9676862775027801
            },
            "rowNumber": 10
        },
        {
            "dataMap": {
                "_DataRole_": "TEST",
                "_PartInd_": 2,
                "_PartInd__f": "           2",
                "_Column_": "BAD",
                "_Event_": "1",
                "_Depth_": 100.0,
                "_NObs_": 999,
                "_Gain_": 12,
                "_Resp_": 3.16622691292876,
                "_CumResp_": 100.0,
                "_PctResp_": 1.2012012012012012,
                "_CumPctResp_": 19.267920691408236,
                "_Lift_": 0.06234202540271142,
                "_CumLift_": 1.0
            },
            "rowNumber": 11
        }
    ],
    "version": 1,
    "xInteger": false,
    "yInteger": false
}